{"cameraMode":{"drawMode":0,"name":"Shaded","section":"Shading Mode"},"sceneLighting":false,"audioPlay":false,"sceneViewState":{"m_AlwaysRefresh":false,"showFog":true,"showSkybox":false,"showFlares":true,"showImageEffects":true,"showParticleSystems":true,"showVisualEffectGraphs":true,"m_FxEnabled":true},"in2DMode":false,"pivot":{"x":-0.1169467568397522,"y":4.817940711975098,"z":0.06565457582473755},"rotation":{"x":-0.1553093045949936,"y":-0.2726311981678009,"z":0.044642671942710879,"w":-0.9484512209892273},"size":0.7105059027671814,"orthographic":false}