{"cameraMode":{"drawMode":0,"name":"Shaded","section":"Shading Mode"},"sceneLighting":false,"audioPlay":false,"sceneViewState":{"m_AlwaysRefresh":false,"showFog":true,"showSkybox":false,"showFlares":true,"showImageEffects":true,"showParticleSystems":true,"showVisualEffectGraphs":true,"m_FxEnabled":true},"in2DMode":false,"pivot":{"x":-0.4680503010749817,"y":2.5070128440856935,"z":-0.6320826411247253},"rotation":{"x":-0.1553093045949936,"y":-0.2726311981678009,"z":0.044642671942710879,"w":-0.9484512209892273},"size":3.1105055809020998,"orthographic":false}