{"cameraMode":{"drawMode":0,"name":"Shaded","section":"Shading Mode"},"sceneLighting":true,"audioPlay":false,"sceneViewState":{"m_AlwaysRefresh":false,"showFog":true,"showSkybox":true,"showFlares":true,"showImageEffects":true,"showParticleSystems":true,"showVisualEffectGraphs":true,"m_FxEnabled":true},"in2DMode":false,"pivot":{"x":226.57362365722657,"y":9.733499526977539,"z":165.24099731445313},"rotation":{"x":-0.02184830978512764,"y":-0.9740245342254639,"z":0.10738921165466309,"w":-0.19816257059574128},"size":3.3184192180633547,"orthographic":false}