{"cameraMode":{"drawMode":0,"name":"Shaded","section":"Shading Mode"},"sceneLighting":true,"audioPlay":false,"sceneViewState":{"m_AlwaysRefresh":false,"showFog":true,"showSkybox":true,"showFlares":true,"showImageEffects":true,"showParticleSystems":true,"showVisualEffectGraphs":true,"m_FxEnabled":true},"in2DMode":false,"pivot":{"x":238.5173797607422,"y":8.323052406311036,"z":177.73988342285157},"rotation":{"x":0.19848214089870454,"y":-0.5358387231826782,"z":0.13134922087192536,"w":0.8101145625114441},"size":0.34188419580459597,"orthographic":false}