{"cameraMode":{"drawMode":0,"name":"Shaded","section":"Shading Mode"},"sceneLighting":true,"audioPlay":false,"sceneViewState":{"m_AlwaysRefresh":false,"showFog":true,"showSkybox":true,"showFlares":true,"showImageEffects":true,"showParticleSystems":true,"showVisualEffectGraphs":true,"m_FxEnabled":true},"in2DMode":false,"pivot":{"x":375.25958251953127,"y":8.314330101013184,"z":265.4154052734375},"rotation":{"x":-0.007794451899826527,"y":-0.847952127456665,"z":-0.012456584721803666,"w":0.5299771428108215},"size":13.449108123779297,"orthographic":false}