{"cameraMode":{"drawMode":0,"name":"Shaded","section":"Shading Mode"},"sceneLighting":true,"audioPlay":false,"sceneViewState":{"m_AlwaysRefresh":false,"showFog":true,"showSkybox":true,"showFlares":true,"showImageEffects":true,"showParticleSystems":true,"showVisualEffectGraphs":true,"m_FxEnabled":true},"in2DMode":false,"pivot":{"x":226.92425537109376,"y":11.424976348876954,"z":166.12515258789063},"rotation":{"x":-0.09388647973537445,"y":-0.35829830169677737,"z":0.03624429181218147,"w":-0.9281725883483887},"size":0.9307848811149597,"orthographic":false}