{"cameraMode":{"drawMode":0,"name":"Shaded","section":"Shading Mode"},"sceneLighting":true,"audioPlay":false,"sceneViewState":{"m_AlwaysRefresh":false,"showFog":true,"showSkybox":true,"showFlares":true,"showImageEffects":true,"showParticleSystems":true,"showVisualEffectGraphs":true,"m_FxEnabled":true},"in2DMode":false,"pivot":{"x":219.75196838378907,"y":-2.7886695861816408,"z":261.0174865722656},"rotation":{"x":-0.2683411240577698,"y":-0.14326246082782746,"z":0.040391866117715839,"w":-0.9517555236816406},"size":60.235679626464847,"orthographic":false}