{"cameraMode":{"drawMode":0,"name":"Shaded","section":"Shading Mode"},"sceneLighting":true,"audioPlay":false,"sceneViewState":{"m_AlwaysRefresh":false,"showFog":true,"showSkybox":true,"showFlares":true,"showImageEffects":true,"showParticleSystems":true,"showVisualEffectGraphs":true,"m_FxEnabled":true},"in2DMode":false,"pivot":{"x":283.8372497558594,"y":57.30557632446289,"z":279.1549987792969},"rotation":{"x":-0.13528208434581757,"y":-0.30751219391822817,"z":0.044216711074113849,"w":-0.9408404231071472},"size":36.730289459228519,"orthographic":false}