{"cameraMode":{"drawMode":0,"name":"Shaded","section":"Shading Mode"},"sceneLighting":true,"audioPlay":false,"sceneViewState":{"m_AlwaysRefresh":false,"showFog":true,"showSkybox":true,"showFlares":true,"showImageEffects":true,"showParticleSystems":true,"showVisualEffectGraphs":true,"m_FxEnabled":true},"in2DMode":false,"pivot":{"x":224.27139282226563,"y":9.717180252075196,"z":162.96502685546876},"rotation":{"x":-0.16596266627311707,"y":0.6473161578178406,"z":-0.14737020432949067,"w":-0.7292250394821167},"size":1.5219841003417969,"orthographic":false}