{"cameraMode":{"drawMode":0,"name":"Shaded","section":"Shading Mode"},"sceneLighting":false,"audioPlay":false,"sceneViewState":{"m_AlwaysRefresh":false,"showFog":true,"showSkybox":false,"showFlares":true,"showImageEffects":true,"showParticleSystems":true,"showVisualEffectGraphs":true,"m_FxEnabled":true},"in2DMode":false,"pivot":{"x":102.93461608886719,"y":106.78092956542969,"z":466.12213134765627},"rotation":{"x":-0.03181402012705803,"y":-0.9679792523384094,"z":0.16597779095172883,"w":-0.1857338845729828},"size":14.362156867980957,"orthographic":false}