{"cameraMode":{"drawMode":0,"name":"Shaded","section":"Shading Mode"},"sceneLighting":false,"audioPlay":false,"sceneViewState":{"m_AlwaysRefresh":false,"showFog":true,"showSkybox":false,"showFlares":true,"showImageEffects":true,"showParticleSystems":true,"showVisualEffectGraphs":true,"m_FxEnabled":true},"in2DMode":false,"pivot":{"x":200.5275421142578,"y":143.28170776367188,"z":457.76104736328127},"rotation":{"x":-0.13528208434581757,"y":-0.30751219391822817,"z":0.044216711074113849,"w":-0.9408404231071472},"size":27.749570846557618,"orthographic":false}