{"cameraMode":{"drawMode":0,"name":"Shaded","section":"Shading Mode"},"sceneLighting":false,"audioPlay":false,"sceneViewState":{"m_AlwaysRefresh":false,"showFog":true,"showSkybox":false,"showFlares":true,"showImageEffects":true,"showParticleSystems":true,"showVisualEffectGraphs":true,"m_FxEnabled":true},"in2DMode":false,"pivot":{"x":30.724111557006837,"y":0.7085227966308594,"z":-2.2432332038879396},"rotation":{"x":-0.25723540782928469,"y":-0.23982934653759004,"z":0.06606753915548325,"w":-0.9337814450263977},"size":3.9842612743377687,"orthographic":false}