{"cameraMode":{"drawMode":0,"name":"Shaded","section":"Shading Mode"},"sceneLighting":false,"audioPlay":false,"sceneViewState":{"m_AlwaysRefresh":false,"showFog":true,"showSkybox":false,"showFlares":true,"showImageEffects":true,"showParticleSystems":true,"showVisualEffectGraphs":true,"m_FxEnabled":true},"in2DMode":false,"pivot":{"x":0.000010706182365538552,"y":-0.000003542715603543911,"z":0.00001456525205867365},"rotation":{"x":-0.21008887887001038,"y":0.3476163446903229,"z":-0.08019489794969559,"w":-0.9102879762649536},"size":0.000017320508050033823,"orthographic":false}