{"cameraMode":{"drawMode":0,"name":"Shaded","section":"Shading Mode"},"sceneLighting":true,"audioPlay":false,"sceneViewState":{"m_AlwaysRefresh":false,"showFog":true,"showSkybox":false,"showFlares":true,"showImageEffects":true,"showParticleSystems":true,"showVisualEffectGraphs":true,"m_FxEnabled":true},"in2DMode":false,"pivot":{"x":295.43927001953127,"y":5.260002136230469,"z":260.2461242675781},"rotation":{"x":0.017292719334363939,"y":-0.9732493162155151,"z":0.21540044248104096,"w":0.07812880724668503},"size":60.62177658081055,"orthographic":false}