{"cameraMode":{"drawMode":0,"name":"Shaded","section":"Shading Mode"},"sceneLighting":false,"audioPlay":false,"sceneViewState":{"m_AlwaysRefresh":false,"showFog":true,"showSkybox":false,"showFlares":true,"showImageEffects":true,"showParticleSystems":true,"showVisualEffectGraphs":true,"m_FxEnabled":true},"in2DMode":false,"pivot":{"x":1.0556482076644898,"y":-0.6591904163360596,"z":-3.6890718936920168},"rotation":{"x":0.03733488544821739,"y":0.9614415764808655,"z":-0.2158145010471344,"w":0.16632595658302308},"size":2.438499927520752,"orthographic":false}